{"achievement.radPoison":2194,"stat.useItem.241":1,"achievement.digammaSee":122,"stat.useItem.243":1,"stat.flyOneCm":43877,"stat.useItem.242":1,"stat.walkOneCm":21048,"stat.useItem.244":2,"stat.drop":20,"stat.useItem.50":9,"stat.jump":22,"stat.playOneMinute":53820,"achievement.openInventory":25,"stat.useItem.1206":1,"stat.useItem.535":1,"stat.useItem.5988":41,"stat.useItem.747":1,"stat.useItem.1274":77,"stat.useItem.1074":1,"achievement.exploreAllBiomes":{"value":0,"progress":["Desert"]},"stat.useItem.69":1}